customer_id,date_of_complain,time_of_complain,complaint_text,response_text,Intent
1001,2022-01-01,10:30 AM,Received damaged product,"We apologize for the inconvenience. Please provide your order number, and we will arrange a replacement or refund for the damaged item.",Product Issue
1002,2022-01-02,02:45 PM,Package not delivered on time,"We're sorry for the delay. Please share your order details, and we'll investigate the issue and provide a resolution.",Delivery Issue
1003,2022-01-03,09:15 AM,Website login not working,Thank you for bringing this to our attention. We'll look into the login issue and resolve it as soon as possible.,Product Issue
1004,2022-01-04,03:30 PM,Wrong item received in order,"We apologize for the mix-up. Please contact our customer support with your order details, and we'll arrange for the correct item to be sent or offer a return.",Order Fulfillment Error
1005,2022-01-05,11:00 AM,Unable to apply discount code,"We're sorry for the inconvenience. Please double-check the code and ensure it's still valid. If the issue persists, contact us for assistance.",Positive Customer Service
1006,2022-01-06,01:45 PM,Delayed delivery  needed item urgently,"We apologize for the delay in delivery. Please provide your order number, and we'll expedite the shipping or offer alternative solutions.",Delivery Issue
1007,2022-01-07,05:30 PM,Difficulty reaching customer service,"We apologize for the inconvenience. Our customer service team is experiencing high volumes, but we are working to address this. Please try again or reach out via email or chat for assistance.",Positive Customer Service
1008,2022-01-08,08:00 AM,Received defective product,We're sorry for the inconvenience. Please share images of the defect and your order number. We'll arrange for a replacement or refund as soon as possible.,Product Issue
1009,2022-01-09,10:45 AM,Product received doesn't match description,"We apologize for any discrepancies. Please provide details about the product and your order number, and we'll investigate and make it right.",Product Issue
1010,2022-01-10,12:30 PM,Unable to track order,"We apologize for the inconvenience. Please provide your order number, and we'll assist you in tracking your order or provide the current status.",Order Fulfillment Error
1011,2022-01-11,03:15 PM,Received damaged packaging,"We apologize for the inconvenience. Your satisfaction is important to us. Please share your order details, and we'll address the packaging issue.",Product Issue
1012,2022-01-12,07:00 PM,Received duplicate item in order,"We apologize for the error. Please contact our customer support with your order details, and we'll arrange for the correct item or offer a return.",Order Fulfillment Error
1013,2022-01-13,09:45 AM,Product not available on the website,"We appreciate your feedback. We're continuously updating our product catalog. If you have specific items in mind, let us know, and we'll do our best to assist you.",Positive Feedback
1014,2022-01-14,11:30 AM,Mobile app crashes during purchase,"We apologize for the technical issue. Please ensure your app is updated. If the problem persists, contact our support team for assistance in resolving the app crash.",Positive Customer Service
1015,2022-01-15,01:15 PM,Overcharged for the order,"We apologize for the billing discrepancy. Please provide your order details, and we'll investigate the overcharge and process a refund if necessary.",Product Issue
1016,2022-01-16,04:00 PM,Live chat support unresponsive,"We apologize for the inconvenience. Our live chat support team may be busy. Please try again later, or contact us via email or phone for assistance.",Positive Customer Service
1017,2022-01-17,06:45 PM,Received order some items missing,We apologize for the oversight. Please provide your order number and the missing items' details. We'll ship the missing items or process a refund as appropriate.,Order Fulfillment Error
1018,2022-01-18,08:30 AM,Sizing information inaccurate on website,We're sorry for any confusion. Please provide details about the specific product and sizing concern. We'll review and update the information on our website.,Product Issue
1019,2022-01-19,10:15 AM,No confirmation email for order,"We apologize for the oversight. Please check your spam folder. If you still can't find it, provide your order details, and we'll resend the confirmation email.",Delivery Issue
1020,2022-01-20,12:00 PM,Complicated return process,"We apologize for the inconvenience. Your feedback is valuable. We'll review our return process and make improvements. In the meantime, please contact our support for assistance with your return.",Positive Customer Service
1021,2022-01-21,02:45 PM,Received damaged product,"We apologize for the inconvenience caused. Please provide your order number, and we will arrange a replacement or refund for the damaged item.",Product Issue
1022,2022-01-22,05:30 PM,Never received my order,"We're sorry for the delay. Please share your order details, and we'll investigate the issue and provide a resolution.",Delivery Issue
1023,2022-01-23,07:15 PM,Website not user-friendly,"Thank you for your feedback. We're constantly working to improve our website's usability. If you have specific suggestions, please let us know.",Positive Feedback
1024,2022-01-24,09:00 AM,Wrong item received in order,"We apologize for the mix-up. Please contact our customer support with your order details, and we'll arrange for the correct item to be sent or offer a return.",Order Fulfillment Error
1025,2022-01-25,11:45 AM,Unable to apply discount code,"We're sorry for the inconvenience. Please double-check the code and ensure it's still valid. If the issue persists, contact us for assistance.",Positive Customer Service
1026,2022-01-26,01:30 PM,Delayed delivery  needed item urgently,"We apologize for the delay in delivery. Please provide your order number, and we'll expedite the shipping or offer alternative solutions.",Delivery Issue
1027,2022-01-27,03:15 PM,Customer service hotline unresponsive,"We apologize for the inconvenience. Our customer service team is experiencing high volumes, but we are working to address this. Please try again or reach out via email or chat for assistance.",Positive Customer Service
1028,2022-01-28,05:00 PM,Received defective product,We're sorry for the inconvenience. Please share images of the defect and your order number. We'll arrange for a replacement or refund as soon as possible.,Product Issue
1029,2022-01-29,06:45 AM,Product received doesn't match description,"We apologize for any discrepancies. Please provide details about the product and your order number, and we'll investigate and make it right.",Product Issue
1030,2022-01-30,10:30 AM,Unable to track order,"We apologize for the inconvenience. Please provide your order number, and we'll assist you in tracking your order or provide the current status.",Order Fulfillment Error
1031,2022-01-31,12:15 PM,Received damaged packaging,"We apologize for the inconvenience. Your satisfaction is important to us. Please share your order details, and we'll address the packaging issue.",Product Issue
1032,2022-02-01,02:00 PM,Received duplicate item in order,"We apologize for the error. Please contact our customer support with your order details, and we'll arrange for the correct item or offer a return.",Order Fulfillment Error
1033,2022-02-02,03:45 PM,Product not available on the website,"We appreciate your feedback. We're continuously updating our product catalog. If you have specific items in mind, let us know, and we'll do our best to assist you.",Positive Feedback
1034,2022-02-03,05:30 PM,Mobile app crashes during purchase,"We apologize for the technical issue. Please ensure your app is updated. If the problem persists, contact our support team for assistance in resolving the app crash.",Positive Customer Service
1035,2022-02-04,07:15 PM,Overcharged for the order,"We apologize for the billing discrepancy. Please provide your order details, and we'll investigate the overcharge and process a refund if necessary.",Product Issue
1036,2022-02-05,09:00 AM,Live chat support unresponsive,"We apologize for the inconvenience. Our live chat support team may be busy. Please try again later, or contact us via email or phone for assistance.",Positive Customer Service
1037,2022-02-06,10:45 AM,Received order  some items missing,We apologize for the oversight. Please provide your order number and the missing items' details. We'll ship the missing items or process a refund as appropriate.,Order Fulfillment Error
1038,2022-02-07,12:30 PM,Sizing information inaccurate on website,We're sorry for any confusion. Please provide details about the specific product and sizing concern. We'll review and update the information on our website.,Product Issue
1039,2022-02-08,02:15 PM,No confirmation email for order,"We apologize for the oversight. Please check your spam folder. If you still can't find it, provide your order details, and we'll resend the confirmation email.",Delivery Issue
1040,2022-02-09,04:00 PM,Complicated return process,"We apologize for the inconvenience. Your feedback is valuable. We'll review our return process and make improvements. In the meantime, please contact our support for assistance with your return.",Positive Customer Service
1041,2022-02-10,06:45 PM,Product received is expired,"We apologize for the oversight. Please provide your order number, and we will arrange a replacement or refund for the expired item.",Product Issue
1042,2022-02-11,08:30 AM,Missing accessories in the order,We apologize for the inconvenience. Please provide your order number and details of the missing accessories. We'll ship them separately or process a refund.,Order Fulfillment Error
1043,2022-02-12,10:15 AM,Unable to submit a return request,"We apologize for the inconvenience. Please contact our support team, and they will assist you in submitting the return request.",Positive Customer Service
1044,2022-02-13,12:00 PM,Product color received is different from what was ordered,We apologize for the error. Please provide your order number and details about the color discrepancy. We'll arrange for the correct item or offer a return.,Product Issue
1045,2022-02-14,01:45 PM,Incorrect size delivered in the order,"We apologize for the mix-up. Please contact our customer support with your order details, and we'll arrange for the correct size to be sent or offer a return.",Order Fulfillment Error
1046,2022-02-15,03:30 PM,Unable to apply store credit during checkout,"We're sorry for the inconvenience. Please ensure your store credit is valid and try again. If the issue persists, contact us for assistance.",Positive Customer Service
1047,2022-02-16,05:15 PM,Delayed response from customer support,"We apologize for the delay. Our customer support team is working to address high volumes. Please wait a little longer, or contact us via email or chat for quicker assistance.",Positive Customer Service
1048,2022-02-17,07:00 PM,Received the wrong product variant in the order,"We apologize for the mix-up. Please contact our customer support with your order details, and we'll arrange for the correct variant to be sent or offer a return.",Order Fulfillment Error
1049,2022-02-18,08:45 AM,Unable to add items to the shopping cart on the website,Thank you for bringing this to our attention. We'll investigate the issue and resolve it as soon as possible.,Product Issue
1050,2022-02-19,10:30 AM,Difficulty accessing account information on the mobile app,"We apologize for the inconvenience. Please ensure your app is updated. If the problem persists, contact our support team for assistance in resolving the issue.",Positive Customer Service
1051,2022-02-20,12:15 PM,Received a damaged gift card in the mail,"We apologize for the inconvenience. Please provide details about the damaged gift card, and we'll arrange for a replacement or refund.",Product Issue
1052,2022-02-21,02:00 PM,Unable to redeem discount code during promotion period,"We apologize for the inconvenience. Please ensure the discount code is still valid and try again. If the issue persists, contact us for assistance.",Positive Customer Service
1053,2022-02-22,03:45 PM,Incorrect item listed in the order confirmation email,"We apologize for the error. Please double-check the actual items received. If there are discrepancies, contact our support team for further assistance.",Order Fulfillment Error
1054,2022-02-23,05:30 PM,Missing user manual for the electronic device received,"We apologize for the oversight. Please provide details about the missing user manual, and we'll arrange for a replacement or send the manual separately.",Order Fulfillment Error
1055,2022-02-24,07:15 PM,Unable to update billing address on the account,Thank you for bringing this to our attention. We'll investigate the issue and resolve it as soon as possible.,Product Issue
1056,2022-02-25,09:00 AM,Received a damaged promotional item in the order,"We apologize for the inconvenience. Please provide details about the damaged item, and we'll arrange for a replacement or refund.",Product Issue
1057,2022-02-26,10:45 AM,Unable to view order history on the website,"We apologize for the inconvenience. Please ensure you are logged in, and if the problem persists, contact our support team for assistance.",Positive Customer Service
1058,2022-02-27,12:30 PM,Received a defective electronic device in the order,We're sorry for the inconvenience. Please share images of the defect and your order number. We'll arrange for a replacement or refund as soon as possible.,Product Issue
1059,2022-02-28,02:15 PM,Difficulty navigating through product categories on the website,Thank you for bringing this to our attention. We'll investigate the issue and make improvements to enhance the user experience.,Positive Feedback
1060,2022-02-29,04:00 PM,Unable to use the live chat support feature on the website,"We apologize for the inconvenience. Our live chat support team may be busy. Please try again later, or contact us via email or phone for assistance.",Positive Customer Service
1061,2022-03-01,05:45 PM,Received a damaged clothing item in the order,"We apologize for the inconvenience caused. Please provide your order number, and we will arrange a replacement or refund for the damaged clothing item.",Product Issue
1062,2022-03-02,07:30 PM,Unable to cancel order through the website,"We apologize for the inconvenience. Please contact our support team, and they will assist you in canceling the order.",Order Fulfillment Error
1063,2022-03-03,09:15 AM,Difficulty applying for a refund online,"We apologize for the inconvenience. Please contact our support team, and they will assist you in applying for a refund.",Positive Customer Service
1064,2022-03-04,11:00 AM,Received the wrong quantity of items in the order,"We apologize for the mix-up. Please contact our customer support with your order details, and we'll arrange for the correct quantity to be sent or offer a return.",Order Fulfillment Error
1065,2022-03-05,12:45 PM,Unable to reset password for the account,Thank you for bringing this to our attention. We'll investigate the issue and resolve it as soon as possible.,Product Issue
1066,2022-03-06,02:30 PM,Received a damaged accessory in the order,"We apologize for the inconvenience. Please provide details about the damaged accessory, and we'll arrange for a replacement or refund.",Product Issue
1067,2022-03-07,04:15 PM,Difficulty accessing the order tracking page on the website,"We apologize for the inconvenience. Please ensure you are logged in, and if the problem persists, contact our support team for assistance.",Positive Customer Service
1068,2022-03-08,06:00 PM,Received a wrong color variant in the order,"We apologize for the mix-up. Please contact our customer support with your order details, and we'll arrange for the correct color variant to be sent or offer a return.",Order Fulfillment Error
1069,2022-03-09,07:45 PM,Unable to add a new shipping address on the account,Thank you for bringing this to our attention. We'll investigate the issue and resolve it as soon as possible.,Product Issue
1070,2022-03-10,09:30 AM,Received a damaged beauty product in the order,"We apologize for the inconvenience. Please provide your order number, and we will arrange a replacement or refund for the damaged beauty product.",Product Issue
1071,2022-03-11,11:15 AM,Unable to apply for a product exchange online,"We apologize for the inconvenience. Please contact our support team, and they will assist you in applying for a product exchange.",Positive Customer Service
1072,2022-03-12,01:00 PM,Received the wrong size of clothing in the order,"We apologize for the mix-up. Please contact our customer support with your order details, and we'll arrange for the correct size to be sent or offer a return.",Order Fulfillment Error
1073,2022-03-13,02:45 PM,Difficulty loading the payment page during checkout,Thank you for bringing this to our attention. We'll investigate the issue and resolve it as soon as possible.,Positive Customer Service
1074,2022-03-14,04:30 PM,Received a defective electronic device in the order,We're sorry for the inconvenience. Please share images of the defect and your order number. We'll arrange for a replacement or refund as soon as possible.,Product Issue
1075,2022-03-15,06:15 PM,Unable to apply a store coupon during checkout,"We're sorry for the inconvenience. Please ensure the store coupon is still valid and try again. If the issue persists, contact us for assistance.",Positive Customer Service
1076,2022-03-16,08:00 PM,Received a wrong fragrance variant in the order,"We apologize for the mix-up. Please contact our customer support with your order details, and we'll arrange for the correct fragrance variant to be sent or offer a return.",Order Fulfillment Error
1077,2022-03-17,09:45 AM,Difficulty accessing the product reviews section on the website,Thank you for bringing this to our attention. We'll investigate the issue and make improvements to enhance the user experience.,Positive Feedback
1078,2022-03-18,11:30 AM,Received a damaged tech accessory in the order,"We apologize for the inconvenience. Please provide details about the damaged tech accessory, and we'll arrange for a replacement or refund.",Product Issue
1079,2022-03-19,01:15 PM,Unable to update the quantity of items in the shopping cart,Thank you for bringing this to our attention. We'll investigate the issue and resolve it as soon as possible.,Product Issue
1080,2022-03-20,03:00 PM,Received a wrong pattern variant in the order,"We apologize for the mix-up. Please contact our customer support with your order details, and we'll arrange for the correct pattern variant to be sent or offer a return.",Order Fulfillment Error
1081,2022-03-21,04:45 PM,Product received is not as described on the website,"We apologize for any discrepancies. Please provide details about the product and your order number, and we'll investigate and make it right.",Product Issue
1082,2022-03-22,06:30 PM,Package left at the wrong address,"We apologize for the inconvenience. Please provide your order number, and we'll investigate the delivery issue and provide a resolution.",Delivery Issue
1083,2022-03-23,08:15 AM,Difficulty navigating the returns process on the website,We apologize for the inconvenience. Your feedback is valuable. We'll review our returns process and make improvements.,Positive Customer Service
1084,2022-03-24,10:00 AM,Received a different brand in the order,"We apologize for the mix-up. Please contact our customer support with your order details, and we'll arrange for the correct brand to be sent or offer a return.",Order Fulfillment Error
1085,2022-03-25,11:45 AM,Unable to use gift card during checkout,"We're sorry for the inconvenience. Please ensure your gift card is valid and try again. If the issue persists, contact us for assistance.",Positive Customer Service
1086,2022-03-26,01:30 PM,Delayed delivery  no estimated delivery date provided,"We apologize for the delay. Please provide your order number, and we'll investigate the issue and provide an estimated delivery date.",Delivery Issue
1087,2022-03-27,03:15 PM,Incorrect information in the product description on the website,Thank you for bringing this to our attention. We'll review and update the product description on our website.,Product Issue
1088,2022-03-28,05:00 PM,Received an incomplete set in the order,"We apologize for the oversight. Please provide your order number and details of the missing items, and we'll ship them separately or process a refund.",Order Fulfillment Error
1089,2022-03-29,06:45 AM,Unable to reach customer support via email,"We apologize for the inconvenience. Our email support team is working to address high volumes. Please try again, or contact us through an alternative channel.",Positive Customer Service
1090,2022-03-30,08:30 AM,Received a product with an expired shelf life,"We apologize for the oversight. Please provide your order number, and we'll arrange a replacement or refund for the product with an expired shelf life.",Product Issue
1091,2022-03-31,10:15 AM,Website showing incorrect product prices during sale,Thank you for bringing this to our attention. We'll investigate the issue and ensure accurate pricing is reflected on our website during sales.,Positive Feedback
1092,2022-04-01,12:00 PM,Unable to complete payment using a credit card,"We apologize for the inconvenience. Please ensure your credit card information is correct. If the issue persists, contact us for assistance.",Positive Customer Service
1093,2022-04-02,01:45 PM,Incorrect order status displayed on the website,"We apologize for the confusion. Please provide your order number, and we'll ensure the correct order status is reflected on our website.",Order Fulfillment Error
1094,2022-04-03,03:30 PM,Received an expired promotional code,"We're sorry for the inconvenience. Please provide details about the expired promotional code, and we'll issue a new one or provide an alternative offer.",Positive Customer Service
1095,2022-04-04,05:15 PM,Difficulty accessing the live chat support feature on the website,"We apologize for the inconvenience. Our live chat support team may be busy. Please try again later, or contact us via email or phone for assistance.",Positive Customer Service
1096,2022-04-05,07:00 PM,Received the wrong product size in the order,"We apologize for the mix-up. Please contact our customer support with your order details, and we'll arrange for the correct size to be sent or offer a return.",Order Fulfillment Error
1097,2022-04-06,08:45 AM,Unable to apply a discount code to a specific item during checkout,"We're sorry for the inconvenience. Please double-check the code and ensure it's applicable to the specific item. If the issue persists, contact us for assistance.",Positive Customer Service
1098,2022-04-07,10:30 AM,Received a product with missing user instructions,"We apologize for the oversight. Please provide details about the missing instructions, and we'll arrange for a replacement or send the instructions separately.",Order Fulfillment Error
1099,2022-04-08,12:15 PM,Website not displaying order history for the past month,Thank you for bringing this to our attention. We'll investigate the issue and ensure accurate order history is displayed on our website.,Product Issue
1100,2022-04-09,02:00 PM,Received a damaged kitchen appliance in the order,"We apologize for the inconvenience. Please provide your order number, and we will arrange a replacement or refund for the damaged kitchen appliance.",Product Issue
1101,2022-04-10,03:45 PM,Unable to track the order using the provided tracking number,"We apologize for the inconvenience. Please provide your order number, and we'll investigate the tracking issue and provide an update.",Order Fulfillment Error
1102,2022-04-11,05:30 PM,Incorrect weight listed for a fitness product on the website,Thank you for bringing this to our attention. We'll review and update the product information on our website.,Product Issue
1103,2022-04-12,07:15 PM,Received a wrong color variant for a tech accessory,"We apologize for the mix-up. Please contact our customer support with your order details, and we'll arrange for the correct color variant to be sent or offer a return.",Order Fulfillment Error
1104,2022-04-13,09:00 AM,Unable to submit a review for a purchased product on the website,"We apologize for the inconvenience. Please ensure you are logged in, and if the problem persists, contact us for assistance.",Positive Feedback
1105,2022-04-14,10:45 AM,Received a wrong fragrance variant in the order,"We apologize for the mix-up. Please contact our customer support with your order details, and we'll arrange for the correct fragrance variant to be sent or offer a return.",Order Fulfillment Error
1106,2022-04-15,12:30 PM,Difficulty accessing the online chatbot for assistance,"We apologize for the inconvenience. Our chatbot may be experiencing technical issues. Please try again later, or contact us through an alternative channel.",Positive Customer Service
1107,2022-04-16,02:15 PM,Received a damaged gardening tool in the order,"We apologize for the inconvenience. Please provide your order number, and we will arrange a replacement or refund for the damaged gardening tool.",Product Issue
1108,2022-04-17,04:00 PM,Unable to apply a store coupon to the entire order during checkout,"We're sorry for the inconvenience. Please ensure the store coupon is still valid and applicable to the entire order. If the issue persists, contact us for assistance.",Positive Customer Service
1109,2022-04-18,05:45 PM,Product size received is smaller than expected,"We apologize for any discrepancies. Please contact our customer support with your order details, and we'll arrange for the correct size or offer a return.",Order Fulfillment Error
1110,2022-04-19,07:30 PM,Difficulty accessing the account dashboard on the mobile app,Thank you for bringing this to our attention. We'll investigate the issue and ensure seamless access to the account dashboard on our mobile app.,Positive Customer Service
1111,2022-04-20,09:15 AM,Received a wrong pattern variant in the order,"We apologize for the mix-up. Please contact our customer support with your order details, and we'll arrange for the correct pattern variant to be sent or offer a return.",Order Fulfillment Error
1112,2022-04-21,11:00 AM,Unable to update billing information on the account,Thank you for bringing this to our attention. We'll investigate the issue and resolve it as soon as possible.,Product Issue
1113,2022-04-22,12:45 PM,Product received is missing essential components,"We apologize for the oversight. Please provide details about the missing components, and we'll arrange for their shipment or offer a refund.",Order Fulfillment Error
1114,2022-04-23,02:30 PM,Incorrect product specifications listed on the website,Thank you for bringing this to our attention. We'll review and update the product specifications on our website.,Product Issue
1115,2022-04-24,04:15 PM,Received a wrong color variant for a clothing item,"We apologize for the mix-up. Please contact our customer support with your order details, and we'll arrange for the correct color variant to be sent or offer a return.",Order Fulfillment Error
1116,2022-04-25,06:00 PM,Difficulty applying a discount code to a bulk order during checkout,"We're sorry for the inconvenience. Please double-check the code and ensure it's applicable to bulk orders. If the issue persists, contact us for assistance.",Positive Customer Service
1117,2022-04-26,07:45 PM,Received a damaged outdoor equipment in the order,"We apologize for the inconvenience. Please provide your order number, and we will arrange a replacement or refund for the damaged outdoor equipment.",Product Issue
1118,2022-04-27,09:30 AM,Unable to use a promotional gift card during checkout,"We're sorry for the inconvenience. Please ensure your promotional gift card is valid and try again. If the issue persists, contact us for assistance.",Positive Customer Service
1119,2022-04-28,11:15 AM,Product received is not compatible with existing accessories,"We apologize for any inconvenience. Please provide details about the compatibility issue, and we'll assist you in finding a suitable solution or offer a return.",Product Issue
1120,2022-04-29,01:00 PM,Difficulty accessing the website on a specific browser,Thank you for bringing this to our attention. We'll investigate the issue and ensure compatibility with various browsers for a seamless experience.,Positive Feedback
1121,2022-04-30,02:45 PM,Delayed delivery no updates provided,"We apologize for the delay. Please provide your order number, and we'll investigate the issue and provide an update on the delivery status.",Delivery Issue
1122,2022-05-01,04:30 PM,Unable to reach customer support via phone,"We apologize for the inconvenience. Our phone support team is working to address high volumes. Please try again, or contact us through an alternative channel.",Positive Customer Service
1123,2022-05-02,06:15 PM,Received an incorrect quantity of items in the order,"We apologize for the mix-up. Please contact our customer support with your order details, and we'll arrange for the correct quantity to be sent or offer a return.",Order Fulfillment Error
1124,2022-05-03,08:00 AM,Website displaying outdated product information,Thank you for bringing this to our attention. We'll investigate the issue and ensure the product information on our website is up-to-date.,Product Issue
1125,2022-05-04,09:45 AM,Received a wrong flavor variant in the order,"We apologize for the mix-up. Please contact our customer support with your order details, and we'll arrange for the correct flavor variant to be sent or offer a return.",Order Fulfillment Error
1126,2022-05-05,11:30 AM,Difficulty using the website's search function,Thank you for bringing this to our attention. We'll investigate the issue and improve the functionality of the website's search feature.,Positive Feedback
1127,2022-05-06,01:15 PM,Unable to update shipping address after order placement,"We apologize for the inconvenience. Please contact our support team, and they will assist you in updating the shipping address.",Product Issue
1128,2022-05-07,03:00 PM,Received a wrong model in the order,"We apologize for the mix-up. Please contact our customer support with your order details, and we'll arrange for the correct model to be sent or offer a return.",Order Fulfillment Error
1129,2022-05-08,04:45 PM,Difficulty accessing the website on mobile devices,Thank you for bringing this to our attention. We'll investigate the issue and ensure seamless access to the website on various mobile devices.,Positive Customer Service
1130,2022-05-09,06:30 PM,Received a damaged book in the order,"We apologize for the inconvenience. Please provide your order number, and we will arrange a replacement or refund for the damaged book.",Product Issue
1131,2022-05-10,08:15 AM,Unable to apply a discount code during flash sale,"We apologize for the inconvenience. Please ensure the discount code is still valid and try again. If the issue persists, contact us for assistance.",Positive Customer Service
1132,2022-05-11,10:00 AM,Incorrect delivery date provided during order confirmation,"We apologize for the confusion. Please provide your order number, and we'll ensure accurate delivery dates are communicated during order confirmation.",Order Fulfillment Error
1133,2022-05-12,11:45 AM,Missing installation instructions for a home appliance,"We apologize for the oversight. Please provide details about the missing instructions, and we'll arrange for a replacement or send the instructions separately.",Order Fulfillment Error
1134,2022-05-13,01:30 PM,Unable to access the live chat support feature on the website,"We apologize for the inconvenience. Our live chat support team may be busy. Please try again later, or contact us via email or phone for assistance.",Positive Customer Service
1135,2022-05-14,03:15 PM,Received an incorrect color variant for a clothing item,"We apologize for the mix-up. Please contact our customer support with your order details, and we'll arrange for the correct color variant to be sent or offer a return.",Order Fulfillment Error
1136,2022-05-15,05:00 PM,Difficulty applying a store coupon during checkout,"We're sorry for the inconvenience. Please ensure the store coupon is still valid and try again. If the issue persists, contact us for assistance.",Positive Customer Service
1137,2022-05-16,06:45 PM,Received a wrong fragrance variant in the order,"We apologize for the mix-up. Please contact our customer support with your order details, and we'll arrange for the correct fragrance variant to be sent or offer a return.",Order Fulfillment Error
1138,2022-05-17,08:30 AM,Difficulty accessing the online order cancellation feature,"We apologize for the inconvenience. Please contact our support team, and they will assist you in canceling the order.",Order Fulfillment Error
1139,2022-05-18,10:15 AM,Product size received is larger than expected,"We apologize for any discrepancies. Please contact our customer support with your order details, and we'll arrange for the correct size or offer a return.",Order Fulfillment Error
1140,2022-05-19,12:00 PM,Website displaying incorrect product availability status,Thank you for bringing this to our attention. We'll investigate the issue and ensure accurate product availability status is displayed on our website.,Product Issue
1141,2022-05-20,01:45 PM,Received a product with a broken seal,"We apologize for the inconvenience. Please provide your order number, and we will arrange a replacement or refund for the product with a broken seal.",Product Issue
1142,2022-05-21,03:30 PM,Incorrect tracking information provided for the order,"We apologize for the confusion. Please provide your order number, and we'll ensure accurate tracking information is communicated for your order.",Order Fulfillment Error
1143,2022-05-22,05:15 PM,Received a wrong design variant for a home decor item,"We apologize for the mix-up. Please contact our customer support with your order details, and we'll arrange for the correct design variant to be sent or offer a return.",Order Fulfillment Error
1144,2022-05-23,07:00 PM,Difficulty using the website's filter options for product search,Thank you for bringing this to our attention. We'll investigate the issue and improve the functionality of the website's filter options.,Positive Feedback
1145,2022-05-24,08:45 AM,Received a damaged electronic device in the order,"We apologize for the inconvenience. Please provide your order number, and we will arrange a replacement or refund for the damaged electronic device.",Product Issue
1146,2022-05-25,10:30 AM,Unable to use a store gift card for online purchases,"We're sorry for the inconvenience. Please ensure your store gift card is valid and applicable to online purchases. If the issue persists, contact us for assistance.",Positive Customer Service
1147,2022-05-26,12:15 PM,Product received is not compatible with existing accessories,"We apologize for any inconvenience. Please provide details about the compatibility issue, and we'll assist you in finding a suitable solution or offer a return.",Product Issue
1148,2022-05-27,02:00 PM,Difficulty accessing the website on a specific browser,Thank you for bringing this to our attention. We'll investigate the issue and ensure compatibility with various browsers for a seamless experience.,Positive Customer Service
1149,2022-05-28,03:45 PM,Received a wrong size variant for a tech accessory,"We apologize for the mix-up. Please contact our customer support with your order details, and we'll arrange for the correct size variant to be sent or offer a return.",Order Fulfillment Error
1150,2022-05-29,05:30 PM,Website not displaying order history for the past week,Thank you for bringing this to our attention. We'll investigate the issue and ensure accurate order history is displayed on our website.,Product Issue
1151,2022-05-30,07:15 PM,Received an incomplete set in the order,"We apologize for the oversight. Please provide your order number and details of the missing items, and we'll ship them separately or process a refund.",Order Fulfillment Error
1152,2022-05-31,09:00 AM,Difficulty using the website's chat support feature,Thank you for bringing this to our attention. We'll investigate the issue and ensure smooth functionality of the website's chat support feature.,Positive Customer Service
1153,2022-06-01,10:45 AM,Unable to apply a discount code to a specific category during checkout,"We're sorry for the inconvenience. Please double-check the code and ensure it's applicable to the specific category. If the issue persists, contact us for assistance.",Positive Customer Service
1154,2022-06-02,12:30 PM,Received a wrong color variant for a home decor item,"We apologize for the mix-up. Please contact our customer support with your order details, and we'll arrange for the correct color variant to be sent or offer a return.",Order Fulfillment Error
1155,2022-06-03,02:15 PM,Difficulty navigating the website on a mobile device,Thank you for bringing this to our attention. We'll investigate the issue and ensure seamless navigation on our website using various mobile devices.,Positive Feedback
1156,2022-06-04,04:00 PM,Received a damaged beauty product in the order,"We apologize for the inconvenience. Please provide your order number, and we will arrange a replacement or refund for the damaged beauty product.",Product Issue
1157,2022-06-05,05:45 PM,Unable to use a store coupon during checkout,"We're sorry for the inconvenience. Please ensure the store coupon is still valid and try again. If the issue persists, contact us for assistance.",Positive Customer Service
1158,2022-06-06,07:30 PM,Incorrect weight listed for a fitness product on the website,Thank you for bringing this to our attention. We'll review and update the product information on our website.,Product Issue
1159,2022-06-07,09:15 AM,Product received is not as described on the website,"We apologize for any discrepancies. Please provide details about the product and your order number, and we'll investigate and make it right.",Product Issue
1160,2022-06-08,11:00 AM,Delayed delivery no estimated delivery date provided,"We apologize for the delay. Please provide your order number, and we'll investigate the issue and provide an estimated delivery date.",Delivery Issue
1161,2022-06-09,12:45 PM,Unable to reach customer support via live chat,"We apologize for the inconvenience. Our live chat support team may be busy. Please try again later, or contact us via email or phone for assistance.",Positive Customer Service
1162,2022-06-10,02:30 PM,Received an incorrect product variant in the order,"We apologize for the mix-up. Please contact our customer support with your order details, and we'll arrange for the correct variant to be sent or offer a return.",Order Fulfillment Error
1163,2022-06-11,04:15 PM,Difficulty applying a discount code to a clearance item during checkout,"We're sorry for the inconvenience. Please double-check the code and ensure it's applicable to clearance items. If the issue persists, contact us for assistance.",Positive Customer Service
1164,2022-06-12,06:00 PM,Received a wrong size variant for a clothing item,"We apologize for the mix-up. Please contact our customer support with your order details, and we'll arrange for the correct size variant to be sent or offer a return.",Order Fulfillment Error
1165,2022-06-13,07:45 PM,Website not displaying product images on the search results page,Thank you for bringing this to our attention. We'll investigate the issue and ensure product images are visible on the search results page.,Positive Feedback
1166,2022-06-14,09:30 AM,Difficulty accessing the order history on the mobile app,Thank you for bringing this to our attention. We'll investigate the issue and ensure seamless access to the order history on our mobile app.,Positive Customer Service
1167,2022-06-15,11:15 AM,Received a wrong fragrance variant in the order,"We apologize for the mix-up. Please contact our customer support with your order details, and we'll arrange for the correct fragrance variant to be sent or offer a return.",Order Fulfillment Error
1168,2022-06-16,01:00 PM,Unable to track the order using the provided tracking number,"We apologize for the inconvenience. Please provide your order number, and we'll investigate the tracking issue and provide an update.",Order Fulfillment Error
1169,2022-06-17,02:45 PM,Product received is not as pictured on the website,"We apologize for any discrepancies. Please provide details about the product and your order number, and we'll investigate and make it right.",Product Issue
1170,2022-06-18,04:30 PM,Difficulty using the website's search filters for product refinement,Thank you for bringing this to our attention. We'll investigate the issue and improve the functionality of the website's search filters.,Positive Feedback
1171,2022-06-19,06:15 PM,Received a damaged electronic accessory in the order,"We apologize for the inconvenience. Please provide details about the damaged accessory, and we'll arrange for a replacement or refund.",Product Issue
1172,2022-06-20,08:00 PM,Unable to add a product to the shopping cart on the website,"We apologize for the inconvenience. Please ensure you are logged in, and if the problem persists, contact our support team for assistance.",Positive Customer Service
1173,2022-06-21,09:45 AM,Incorrect delivery address displayed on the order confirmation page,"Thank you for bringing this to our attention. Please provide your order number, and we'll ensure the correct delivery address is reflected on the order confirmation page.",Order Fulfillment Error
1174,2022-06-22,11:30 AM,Received a wrong color variant for a tech accessory,"We apologize for the mix-up. Please contact our customer support with your order details, and we'll arrange for the correct color variant to be sent or offer a return.",Order Fulfillment Error
1175,2022-06-23,01:15 PM,Difficulty accessing the website on a specific operating system,Thank you for bringing this to our attention. We'll investigate the issue and ensure compatibility with various operating systems for a seamless experience.,Positive Customer Service
1176,2022-06-24,03:00 PM,Received a product with a broken seal,"We apologize for the inconvenience. Please provide your order number, and we will arrange a replacement or refund for the product with a broken seal.",Product Issue
1177,2022-06-25,04:45 PM,Unable to use a discount code for a bulk order during checkout,"We're sorry for the inconvenience. Please double-check the code and ensure it's applicable to bulk orders. If the issue persists, contact us for assistance.",Positive Customer Service
1178,2022-06-26,06:30 PM,Incorrect weight listed for a kitchen appliance on the website,Thank you for bringing this to our attention. We'll review and update the product information on our website.,Product Issue
1179,2022-06-27,08:15 AM,Product received is missing user instructions,"We apologize for the oversight. Please provide details about the missing instructions, and we'll arrange for a replacement or send the instructions separately.",Order Fulfillment Error
1180,2022-06-28,10:00 AM,Website showing incorrect product availability during a flash sale,Thank you for bringing this to our attention. We'll investigate the issue and ensure accurate product availability is reflected during flash sales.,Positive Feedback
1181,2022-06-29,11:45 AM,Received an incomplete set in the order,"We apologize for the oversight. Please provide your order number and details of the missing items, and we'll ship them separately or process a refund.",Order Fulfillment Error
1182,2022-06-30,01:30 PM,Difficulty using the website's chat support feature,Thank you for bringing this to our attention. We'll investigate the issue and ensure smooth functionality of the website's chat support feature.,Positive Customer Service
1183,2022-07-01,03:15 PM,Received a wrong size variant for a home decor item,"We apologize for the mix-up. Please contact our customer support with your order details, and we'll arrange for the correct size variant to be sent or offer a return.",Order Fulfillment Error
1184,2022-07-02,05:00 PM,Website not displaying order history for the past week,Thank you for bringing this to our attention. We'll investigate the issue and ensure accurate order history is displayed on our website.,Product Issue
1185,2022-07-03,06:45 PM,Received an incomplete set of accessories in the order,"We apologize for the oversight. Please provide your order number and details of the missing accessories, and we'll ship them separately or process a refund.",Order Fulfillment Error
1186,2022-07-04,08:30 AM,Difficulty using the website's filter options for product search,Thank you for bringing this to our attention. We'll investigate the issue and improve the functionality of the website's filter options.,Positive Feedback
1187,2022-07-05,10:15 AM,Received a wrong pattern variant for a clothing item,"We apologize for the mix-up. Please contact our customer support with your order details, and we'll arrange for the correct pattern variant to be sent or offer a return.",Order Fulfillment Error
1188,2022-07-06,12:00 PM,Unable to update billing information on the account,Thank you for bringing this to our attention. We'll investigate the issue and resolve it as soon as possible.,Product Issue
1189,2022-07-07,01:45 PM,Product received is missing essential components,"We apologize for the oversight. Please provide details about the missing components, and we'll arrange for their shipment or offer a refund.",Order Fulfillment Error
1190,2022-07-08,03:30 PM,Incorrect product specifications listed on the website,Thank you for bringing this to our attention. We'll review and update the product specifications on our website.,Product Issue
1191,2022-07-09,05:15 PM,Received a wrong color variant for a clothing item,"We apologize for the mix-up. Please contact our customer support with your order details, and we'll arrange for the correct color variant to be sent or offer a return.",Order Fulfillment Error
1192,2022-07-10,07:00 PM,Difficulty applying a store coupon during checkout,"We're sorry for the inconvenience. Please ensure the store coupon is still valid and try again. If the issue persists, contact us for assistance.",Positive Customer Service
1193,2022-07-11,08:45 AM,Received a damaged gardening tool in the order,"We apologize for the inconvenience. Please provide your order number, and we will arrange a replacement or refund for the damaged gardening tool.",Product Issue
1194,2022-07-12,10:30 AM,Unable to use a promotional gift card during checkout,"We're sorry for the inconvenience. Please ensure your promotional gift card is valid and try again. If the issue persists, contact us for assistance.",Positive Customer Service
1195,2022-07-13,12:15 PM,Product size received is smaller than expected,"We apologize for any discrepancies. Please contact our customer support with your order details, and we'll arrange for the correct size or offer a return.",Order Fulfillment Error
1196,2022-07-14,02:00 PM,Difficulty accessing the account dashboard on the mobile app,Thank you for bringing this to our attention. We'll investigate the issue and ensure seamless access to the account dashboard on our mobile app.,Positive Customer Service
1197,2022-07-15,03:45 PM,Received a wrong pattern variant for a tech accessory,"We apologize for the mix-up. Please contact our customer support with your order details, and we'll arrange for the correct pattern variant to be sent or offer a return.",Order Fulfillment Error
1198,2022-07-16,05:30 PM,Incorrect order status displayed on the website,"We apologize for the confusion. Please provide your order number, and we'll ensure the correct order status is reflected on our website.",Order Fulfillment Error
1199,2022-07-17,07:15 PM,Received an expired promotional code,"We're sorry for the inconvenience. Please provide details about the expired promotional code, and we'll issue a new one or provide an alternative offer.",Positive Customer Service
1200,2022-07-18,09:00 AM,Difficulty accessing the live chat support feature on the website,"We apologize for the inconvenience. Our live chat support team may be busy. Please try again later, or contact us via email or phone for assistance.",Positive Customer Service
