customer_id,date_of_complain,time_of_complain,complaint_text,response_text,Intent,complaint_id
5932,2024-01-11,02:45 PM,Your products are amazing! I'm a fan.,"Thank you so much! We're thrilled to hear you're enjoying our products. If there's anything specific you love or if you have any questions, feel free to share!",Positive Feedback,10021
7861,2024-01-14,05:30 PM,Hey! Just wanted to say your customer service is top-notch.,"Hey there! Thank you for the kind words. We strive to provide excellent service. If there's anything you need assistance with, we're here for you!",Positive Feedback,10022
2188,2024-01-15,07:15 PM,Hi! Your website is user-friendly and easy to navigate.,Hi! We're glad to hear you find our website user-friendly. We believe in making your experience seamless. Is there anything specific you're looking for today?,Positive Feedback,10023
9354,2024-01-07,09:00 AM,Hello! Your delivery was faster than expected. Impressed!,"Hello! That's fantastic to hear! We aim for speedy deliveries. If you have any more orders or questions, we're here to assist.",Positive Feedback,10024
4215,2024-01-13,11:45 AM,Good day! The quality of your products is outstanding.,Good day! Thank you for the compliment on our product quality. We're committed to delivering excellence. Anything specific you'd like to know or explore?,Positive Feedback,10025
8134,2024-01-08,01:30 PM,Greetings! Your packaging is eco-friendly. Appreciate that!,"Greetings! Thank you for noticing! We're committed to sustainability. If you have any more eco-friendly preferences or questions, let us know!",Positive Feedback,10026
3492,2024-01-03,03:15 PM,"Hi! I recently bought a product, and it exceeded my expectations.",Hi! We're thrilled to hear that our product exceeded your expectations. Your satisfaction is our priority. Anything else you'd like to share or inquire about?,Positive Feedback,10027
3867,2024-01-10,05:00 PM,Hello! Your team was so helpful when I had an issue. Thank you!,"Hello! We're glad our team could assist you. If you ever have more questions or need help in the future, don't hesitate to reach out. We're here for you!",Positive Feedback,10028
3651,2024-01-14,06:45 AM,"Hey! Just got my order, and it's perfect! Thank you.","Hey there! Perfect is what we aim for! If there's anything else you need or if you have more orders in the future, we're ready to assist.",Positive Feedback,10029
6842,2024-01-03,10:30 AM,Hi! Your products are worth every penny. Great quality!,"Hi! Thank you for your kind words. We believe in offering value, and we're glad you appreciate the quality. Anything specific you'd like to know or explore further?",Positive Feedback,10030
2816,2024-01-11,12:15 PM,Greetings! Your customer loyalty program is fantastic.,"Greetings! We're delighted you like our loyalty program. If you have any suggestions or if there's anything specific you'd like to know about it, feel free to share!",Positive Feedback,10031
6013,2024-01-15,02:00 PM,Good day! Your online support was quick and helpful.,"Good day! Quick and helpful support is what we aim for. If you ever have more questions or need assistance, don't hesitate to reach out. We're here 24/7!",Positive Feedback,10032
1671,2024-01-14,03:45 PM,Hello! The variety in your product selection is impressive.,"Hello! We're thrilled you find our product selection impressive. If there's a specific category or product you're interested in, let us know, and we'll assist!",Positive Feedback,10033
8348,2024-01-02,05:30 PM,Hi! Your website layout is clean and aesthetically pleasing.,Hi! Thank you for the compliment on our website layout. We believe in providing a visually appealing and easy-to-navigate platform. Anything else you'd like to explore?,Positive Feedback,10034
8063,2024-01-12,07:15 PM,Hey! Just wanted to express my satisfaction with my recent purchase.,"Hey! We're thrilled to hear you're satisfied with your recent purchase. If there's anything else you need or if you have more shopping plans, let us know!",Positive Feedback,10035
1439,2024-01-04,09:00 AM,Hi! Your return process was hassle-free. Thanks for that.,"Hi! Hassle-free returns are what we aim for. If there's anything else you need assistance with or if you have more feedback, feel free to share!",Positive Feedback,10036
5039,2024-01-09,10:45 AM,Hello! Your product prices are competitive. Great value!,"Hello! Thank you for recognizing our efforts to provide great value. If there's anything specific you'd like to know about our pricing or products, we're here to help!",Positive Feedback,10037
2576,2024-01-05,12:30 PM,Good day! Your email newsletters are informative and enjoyable.,"Good day! We're glad you enjoy our newsletters. If there's any specific information you'd like to receive or if you have feedback, feel free to let us know!",Positive Feedback,10038
9571,2024-01-15,02:15 PM,Greetings! The discounts you offer are much appreciated.,"Greetings! We're happy to hear you appreciate our discounts. If there's anything else you're interested in or if you have more feedback, we're here for you!",Positive Feedback,10039
4986,2024-01-04,04:00 PM,Hi! Your product durability is impressive. Well done!,"Hi! Thank you for acknowledging the durability of our products. If you have any questions about specific products or if there's anything else you'd like to know, feel free to ask!",Positive Feedback,10040
8047,2024-01-15,05:45 PM,Product didn't meet expectations. Disappointed.,We apologize for the disappointment. Could you provide more details about the specific issues you encountered? We're here to assist you.,Negative Feedback,10061
2712,2024-01-01,07:30 PM,Received damaged item. Unhappy about the condition.,"We're sorry to hear about the damage. Please share your order number and details about the damage, and we'll arrange for a replacement or refund.",Negative Feedback,10062
2490,2024-01-12,09:15 AM,Customer service unresponsive to my issue. Frustrating.,We apologize for the unresponsiveness. Could you provide details about the issue you faced with customer service? We'll investigate and improve our service.,Negative Feedback,10063
1573,2024-01-14,11:00 AM,Wrong item received in my order. Not satisfied.,"We apologize for the mix-up. Please share your order number and details of the incorrect item received, and we'll arrange for the correct item to be sent or process a return.",Negative Feedback,10064
2826,2024-01-01,12:45 PM,Product quality doesn't match description. Displeased.,We apologize if the product didn't meet the description. Could you provide more details about the specific discrepancies? We'll work towards a resolution.,Negative Feedback,10065
7809,2024-01-03,02:30 PM,Delivered later than expected. Unhappy with the delay.,"We apologize for the delay in your order. Please provide your order number, and we'll investigate the situation and update you on the status.",Negative Feedback,10066
2112,2024-01-15,04:15 PM,Struggling with the complicated return process.,We apologize for any difficulty with the return process. Could you share more details or any specific challenges you're facing? We're here to help you through it.,Negative Feedback,10067
6441,2024-01-04,06:00 PM,Received a damaged package. Product affected.,"We apologize for the inconvenience. Please share your order number and details about the packaging and product condition, and we'll address the issue.",Negative Feedback,10068
8733,2024-01-15,07:45 PM,Product didn't work as described. Disappointed.,"We're sorry to hear about the issue. Please provide more details about the problem, and we'll explore potential solutions or alternatives for you.",Negative Feedback,10069
6143,2024-01-04,09:30 AM,Unsatisfactory resolution from customer service.,"We're sorry to hear about your unsatisfactory experience. Please provide details about the issue, and we'll do our best to address and resolve it for you.",Negative Feedback,10070
9801,2024-01-02,11:15 AM,Confusing website led to a wrong purchase. Displeased.,"We apologize for any confusion on our website. Let us know the details of your order, and we'll see what we can do to assist with the situation.",Negative Feedback,10071
7437,2024-01-06,01:00 PM,Competitor offers a cheaper alternative. Considering options.,"We understand your concern. If you provide details about the alternative, we can explore if there's anything we can do to address the difference or offer assistance.",Negative Feedback,10072
9874,2024-01-10,02:45 PM,Poor product durability. Not up to expectations.,"We're sorry to hear about the durability issue. Please provide details about the product and the problem, and we'll explore options for a resolution or replacement.",Negative Feedback,10073
1957,2024-01-10,04:30 PM,Discount code didn't work during checkout. Frustrating.,"We apologize for the inconvenience. Please provide the discount code and details about your order, and we'll ensure it's applied correctly or offer an alternative solution.",Negative Feedback,10074
1841,2024-01-02,06:15 PM,Received different item from what I ordered. Unhappy.,"We apologize for the mix-up. Please share your order number and details of the incorrect item received, and we'll arrange for the correct item to be sent or process a return.",Negative Feedback,10075
7968,2024-01-11,08:00 PM,No response to email inquiry. Frustrated with the lack of communication.,"We apologize for the lack of response. Could you share more details or the inquiry reference, and we'll investigate the matter and get back to you promptly.",Negative Feedback,10076
7143,2024-01-10,09:45 AM,Product price seems too high compared to competitors. Considering options.,"We appreciate your feedback on pricing. If you share specific details or competitors' prices, we can explore options or provide more information about our value offerings.",Negative Feedback,10077
3148,2024-01-03,11:30 AM,Technical glitches on the website during purchase. Unpleasant experience.,"We apologize for any technical glitches. Your feedback is valuable. If you provide details about the issues you encountered, we'll work on improving our website experience.",Negative Feedback,10078
3562,2024-01-15,01:15 PM,Product doesn't match the description. Displeased with the mismatch.,"We apologize for any discrepancy. Please provide details about the product and the description, and we'll work towards resolving the issue for you.",Negative Feedback,10079
6640,2024-01-11,03:00 PM,Hi,Hello! How can we assist you today?,Greetings,10080
5457,2024-01-14,04:45 PM,Hello,Hi there! How can we help you?,Greetings,10081
6645,2024-01-10,06:30 PM,How are you?,"Hi! I'm doing well, thank you. How can I assist you today?",Greetings,10082
1584,2024-01-15,08:15 AM,Greetings,Hello! Welcome! How can we assist you?,Greetings,10083
4462,2024-01-02,10:00 AM,Hey,Hi there! How can we help you?,Greetings,10084
2866,2024-01-04,11:45 AM,What's up?,"Hey! Not much, just ready to assist. What can I do for you?",Greetings,10085
9267,2024-01-10,01:30 PM,Good day,Hello! Good day to you too! How can we assist you?,Greetings,10086
4155,2024-01-04,03:15 PM,Hi,Hello! How can we assist you today?,Greetings,10087
9272,2024-01-02,05:00 PM,Hey there,Hello! How can we help you?,Greetings,10088
5271,2024-01-12,06:45 AM,How's it going?,Hi! I'm here and ready to help. What can I do for you?,Greetings,10089
4864,2024-01-02,08:30 AM,Hi,Hello! How can we assist you today?,Greetings,10090
6613,2024-01-03,10:15 AM,Hello,Hi there! How can we help you?,Greetings,10091
5313,2024-01-15,12:00 PM,How are you?,"Hi! I'm doing well, thank you. How can I assist you today?",Greetings,10092
6285,2024-01-08,01:45 PM,Hey,Hi there! How can we assist you?,Greetings,10093
3393,2024-01-11,03:30 PM,What's up?,"Hey! Not much, just ready to assist. What can I do for you?",Greetings,10094
9383,2024-01-15,05:15 PM,Good day,Hello! Good day to you too! How can we assist you?,Greetings,10095
5091,2024-01-11,07:00 PM,Hi,Hello! How can we assist you today?,Greetings,10096
2953,2024-01-06,08:45 AM,Hey there,Hello! How can we help you?,Greetings,10097
3571,2024-01-15,10:30 AM,How's it going?,Hi! I'm here and ready to help. What can I do for you?,Greetings,10098
5080,2024-01-07,12:15 PM,Hi,Hello! How can we assist you today?,Greetings,10099
